Page,Section,English Text,Vietnamese Text
header,Meta Keywords,"systems integration, healthcare technology, consultancy, Vietnam, APAC, medical devices, hospital information systems","tích hợp hệ thống, công nghệ y tế, tư vấn, Việt Nam, APAC, thiết bị y tế, hệ thống thông tin bệnh viện"
header,Default Meta Description,"HealthSyncX - People-first Systems Integration Consultancy for Healthcare, Education, Beauty Tech, and Manufacturing","HealthSyncX - Tư vấn Tích hợp Hệ thống Lấy Con người Làm Trung tâm cho các lĩnh vực Y tế, Giáo dục, Công nghệ Làm đẹp và Sản xuất"
header,Default OG Description,"Expert technology integration consultancy for healthcare, education, beauty tech, and manufacturing","Tư vấn tích hợp công nghệ chuyên nghiệp cho y tế, giáo dục, công nghệ làm đẹp và sản xuất"
header,Default Title,HealthSyncX - People-first Systems Integration Consultancy,HealthSyncX - Tư vấn Tích hợp Hệ thống Lấy Con người Làm Trung tâm
header,Navigation - Home,Home,Trang chủ
header,Navigation - Services,Services,Dịch vụ
header,Navigation - Solutions,Solutions,Giải pháp
header,Navigation - Collaboration,Collaboration,Hợp tác
header,Navigation - About,About Us,Về chúng tôi
header,Navigation - People,Our People,Đội ngũ
header,Navigation - Contact,Contact,Liên hệ
header,Language Switcher,VI / EN,EN / VI
header,Mobile Menu Title,Menu,Menu
footer,Column - Services Header,Services,Dịch vụ
footer,Link - Our Services,Our Services,Dịch vụ của Chúng tôi
footer,Link - Industry Solutions,Industry Solutions,Giải pháp Ngành
footer,Link - Partnership Opportunities,Partnership Opportunities,Cơ hội Hợp tác
footer,Column - Company Header,Company,Công ty
footer,Link - About Us,About Us,Về Chúng tôi
footer,Link - Our People,Our People,Đội ngũ
footer,Link - Contact,Contact,Liên hệ
footer,Column - Legal Header,Legal,Pháp lý
footer,Link - Privacy Policy,Privacy Policy,Chính sách Bảo mật
footer,Link - Terms of Service,Terms of Service,Điều khoản Dịch vụ
footer,Copyright,HealthSyncX. All rights reserved. | Based in Vietnam & New Zealand | Serving APAC Region,HealthSyncX. Tất cả quyền được bảo lưu. | Có trụ sở tại Việt Nam & New Zealand | Phục vụ Khu vực APAC
index,Page Title,Home,Trang chủ
index,Meta Description,"HealthSyncX - People-first Systems Integration Consultancy for Healthcare, Beauty Tech, and diverse industries. Expert technology integration serving Vietnam & APAC Region.","HealthSyncX - Tư vấn Tích hợp Hệ thống Lấy Con người Làm trung tâm cho Y tế, Công nghệ Làm đẹp và các ngành công nghiệp đa dạng. Tích hợp công nghệ chuyên gia phục vụ Việt Nam & Khu vực APAC."
index,Hero Badge,Building Healthcare Partnerships in Vietnam & APAC,Xây dựng Quan hệ Đối tác Y tế tại Việt Nam & APAC
index,Hero Heading,People-first Systems Integration Consultancy,Tư vấn Tích hợp Hệ thống Lấy Con người Làm Trung tâm
index,Hero Subheading,"Transform your operations with seamless technology integration that puts people at the center. Expert guidance for healthcare, beauty tech, and diverse industry sectors.","Chuyển đổi hoạt động với tích hợp công nghệ liền mạch đặt con người làm trung tâm. Hướng dẫn chuyên môn cho y tế, công nghệ làm đẹp và các lĩnh vực đa dạng."
index,CTA Button - Primary,Get Free 30-Min Consultation,Nhận Tư vấn Miễn phí 30 Phút
index,CTA Button - Secondary,View All Services,Xem Tất cả Dịch vụ
index,Section - Challenges Heading,The Challenges We See Every Day,Những Thách thức Chúng tôi Thấy Mỗi Ngày
index,Section - Challenges Intro,Most of our clients come to us facing at least one of these issues:,Hầu hết khách hàng đến với chúng tôi đều đối mặt với ít nhất một trong những vấn đề sau:
index,Challenge 1 - Heading,Disconnected Systems,Hệ thống Không Kết nối
index,Challenge 1 - Description,Critical data trapped in legacy tools that don't communicate.,Dữ liệu quan trọng bị mắc kẹt trong các công cụ cũ không giao tiếp được với nhau.
index,Challenge 2 - Heading,Unclear ROI,ROI Không Rõ ràng
index,Challenge 2 - Description,Technology investments that look good on paper but never deliver measurable returns.,Đầu tư công nghệ trông tốt trên giấy nhưng không bao giờ mang lại lợi nhuận có thể đo lường được.
index,Challenge 3 - Heading,Workflow Friction,Ma sát Quy trình Làm việc
index,Challenge 3 - Description,New systems that disrupt how people actually work.,Hệ thống mới làm gián đoạn cách mọi người thực sự làm việc.
index,Challenge 4 - Heading,Security & Compliance Risks,Rủi ro Bảo mật & Tuân thủ
index,Challenge 4 - Description,"Mounting regulatory pressure, from international to local data rules.","Áp lực quy định ngày càng tăng, từ quy tắc dữ liệu quốc tế đến địa phương."
index,Challenge 5 - Heading,Resistance to Change,Kháng cự Thay đổi
index,Challenge 5 - Description,"Teams overwhelmed by too many tools, too little training.","Các nhóm bị quá tải bởi quá nhiều công cụ, quá ít đào tạo."
index,Challenge 6 - Heading,Vendor Lock-In,Bị Khóa với Nhà cung cấp
index,Challenge 6 - Description,Locked into systems that limit flexibility and innovation.,Bị khóa vào các hệ thống hạn chế tính linh hoạt và đổi mới.
index,Section - Why Choose Us Heading,Why Choose Us?,Tại sao Chọn Chúng tôi?
index,Section - Why Choose Us P1,"Every organization feels the pressure to modernize — yet too often, the result is complexity instead of clarity. New tools don't connect. Data lives in silos. Teams resist change. Projects drag on with no clear ROI.","Mọi tổ chức đều cảm thấy áp lực phải hiện đại hóa — nhưng quá thường xuyên, kết quả là sự phức tạp thay vì rõ ràng. Các công cụ mới không kết nối. Dữ liệu tồn tại trong các hệ thống riêng lẻ. Các nhóm kháng cự thay đổi. Dự án kéo dài mà không có ROI rõ ràng."
index,Section - Why Choose Us P2 (Highlighted),"At HealthSyncX, we help you make technology work for people — not the other way around.","Tại HealthSyncX, chúng tôi giúp bạn làm cho công nghệ phục vụ con người — chứ không phải ngược lại."
index,Section - Why Choose Us P3,"Our integration experts connect systems, data, and workflows so your teams can focus on results, not roadblocks.","Các chuyên gia tích hợp của chúng tôi kết nối hệ thống, dữ liệu và quy trình làm việc để nhóm của bạn có thể tập trung vào kết quả, không phải rào cản."
index,Section - People-First Integration Heading,What is People-First Systems Integration?,Tích hợp Hệ thống Lấy Con người Làm Trung tâm là gì?
index,Section - People-First Integration Intro,"At HealthSyncX, we believe systems integration is more than just connecting technologies. True integration requires a holistic approach that puts people at the center of every solution.","Tại HealthSyncX, chúng tôi tin rằng tích hợp hệ thống không chỉ là kết nối các công nghệ. Tích hợp thực sự đòi hỏi một cách tiếp cận toàn diện đặt con người làm trung tâm của mọi giải pháp."
index,Component 1 - Heading,Hardware & Devices,Phần cứng & Thiết bị
index,Component 1 - Description,"Medical devices, IoT sensors, equipment, and physical infrastructure","Thiết bị y tế, cảm biến IoT, thiết bị và cơ sở hạ tầng vật lý"
index,Component 2 - Heading,Software & Digital Solutions,Phần mềm & Giải pháp Số
index,Component 2 - Description,"EMR/EHR systems, PACS, management platforms, and applications","Hệ thống EMR/EHR, PACS, nền tảng quản lý và ứng dụng"
index,Component 3 - Heading,Networks & Cybersecurity,Mạng & Bảo mật Mạng
index,Component 3 - Description,"Secure connectivity, data protection, and infrastructure","Kết nối an toàn, bảo vệ dữ liệu và cơ sở hạ tầng"
index,Component 4 - Heading,Workflows & Processes,Quy trình & Luồng công việc
index,Component 4 - Description,Optimized processes that fit organizational culture and needs,Quy trình tối ưu phù hợp với văn hóa và nhu cầu tổ chức
index,Component 5 (Highlighted) - Heading,People - The Heart of Integration,Con người - Trái tim của Tích hợp
index,Component 5 (Highlighted) - Description,"Technology adoption readiness, comprehensive user training, ongoing support, and change management","Sẵn sàng áp dụng công nghệ, đào tạo người dùng toàn diện, hỗ trợ liên tục và quản lý thay đổi"
index,Why People-First Matters - Heading,Why People-First Matters,Tại sao Lấy Con người Làm Trung tâm Quan trọng
index,Why People-First Matters - Text,"The most sophisticated technology integration will fail without considering the people who will use it. HealthSyncX assesses user readiness, designs intuitive workflows, provides comprehensive training, and ensures ongoing support - because successful integration means successful adoption.","Tích hợp công nghệ tinh vi nhất sẽ thất bại nếu không xem xét những người sử dụng nó. HealthSyncX đánh giá sự sẵn sàng của người dùng, thiết kế quy trình trực quan, cung cấp đào tạo toàn diện và đảm bảo hỗ trợ liên tục - bởi vì tích hợp thành công có nghĩa là áp dụng thành công."
index,Section - Core Services Heading,Our Core Services,Dịch vụ Cốt lõi của Chúng tôi
index,Section - Core Services Intro,People-centered consultancy services designed to help you navigate technology challenges and opportunities,Dịch vụ tư vấn lấy con người làm trung tâm được thiết kế để giúp bạn vượt qua các thách thức và cơ hội công nghệ
index,Service 1 - Heading,Holistic Systems Integration,Tích hợp Hệ thống Toàn diện
index,Service 1 - Description,"Comprehensive integration planning that encompasses hardware, software, networks, workflows, AND people - ensuring adoption success through training and support.","Lập kế hoạch tích hợp toàn diện bao gồm phần cứng, phần mềm, mạng, quy trình VÀ con người - đảm bảo thành công áp dụng thông qua đào tạo và hỗ trợ."
index,Service 1 - CTA,Learn More →,Tìm hiểu thêm →
index,Service 2 - Heading,Workflow Optimization,Tối ưu hóa Quy trình
index,Service 2 - Description,Process analysis and redesign that respects organizational culture while introducing efficiency improvements. We optimize for both technology and people.,Phân tích và thiết kế lại quy trình tôn trọng văn hóa tổ chức đồng thời cải thiện hiệu quả. Chúng tôi tối ưu hóa cho cả công nghệ và con người.
index,Service 3 - Heading,Training & Capacity Building,Đào tạo & Phát triển Năng lực
index,Service 3 - Description,"Comprehensive user training, adoption support, and capacity building to ensure your team can effectively use and maintain integrated systems.","Đào tạo người dùng toàn diện, hỗ trợ áp dụng và phát triển năng lực để đảm bảo đội ngũ của bạn có thể sử dụng và bảo trì hệ thống tích hợp hiệu quả."
index,Service 4 - Heading,Product Development,Phát triển Sản phẩm
index,Service 4 - Description,"Partnering with healthcare innovators to transform ideas into market-ready solutions through comprehensive product development support, from concept validation to market entry.","Hợp tác với các nhà đổi mới y tế để biến ý tưởng thành giải pháp sẵn sàng ra thị trường thông qua hỗ trợ phát triển sản phẩm toàn diện, từ xác thực ý tưởng đến gia nhập thị trường."privacy,Page Title,Privacy Policy,Chính sách Bảo mật
privacy,Meta Description,HealthSyncX Privacy Policy - How we collect use and protect your personal information.,Chính sách Bảo mật của HealthSyncX - Cách chúng tôi thu thập sử dụng và bảo vệ thông tin cá nhân của bạn.
privacy,Hero Heading,Privacy Policy,Chính sách Bảo mật
privacy,Hero Subheading,Your privacy is important to us,Quyền riêng tư của bạn rất quan trọng với chúng tôi
privacy,Section - Introduction Heading,Introduction,Giới thiệu
privacy,Section - Introduction Text,"HealthSyncX Co. Ltd is a Vietnam-registered company operating in Vietnam and collaborating in New Zealand and other Asia-Pacific regions. This Privacy Policy explains how we collect use and protect personal information on our website.","Công ty TNHH HealthSyncX được đăng ký tại Việt Nam hoạt động tại Việt Nam và hợp tác tại New Zealand cũng như các khu vực Châu Á – Thái Bình Dương khác. Chính sách bảo mật này giải thích cách chúng tôi thu thập sử dụng và bảo vệ thông tin cá nhân trên trang web của mình."
privacy,Section - Information We Collect Heading,Information We Collect,Thông Tin Chúng Tôi Thu Thập
privacy,Section - Information We Collect Text,"We may collect information such as your name email phone number and message details when you contact us. We also collect non-personal data such as browser type IP address and cookies for website analytics.","Chúng tôi có thể thu thập thông tin như họ tên email số điện thoại và nội dung tin nhắn khi bạn liên hệ với chúng tôi. Ngoài ra chúng tôi cũng thu thập dữ liệu phi cá nhân như loại trình duyệt địa chỉ IP và cookie để phân tích hiệu suất trang web."
privacy,Section - How We Use Information Heading,How We Use Information,Mục Đích Sử Dụng Thông Tin
privacy,Section - How We Use Information Text,"We use this information to respond to inquiries improve our website and comply with applicable laws. Data is never sold or shared for marketing purposes without consent.","Chúng tôi sử dụng thông tin để phản hồi yêu cầu cải thiện trang web và tuân thủ các quy định pháp luật. Dữ liệu sẽ không bao giờ được bán hoặc chia sẻ cho mục đích tiếp thị khi chưa có sự đồng ý của bạn."
privacy,Section - Data Storage Heading,Data Storage and Security,Lưu Trữ và Bảo Mật Dữ Liệu
privacy,Section - Data Storage Text,Your data is securely stored using encrypted hosting and limited internal access. We retain data only as long as necessary for our business or legal obligations.,Dữ liệu của bạn được lưu trữ an toàn bằng máy chủ mã hóa và chỉ những người có thẩm quyền mới được truy cập. Chúng tôi chỉ lưu giữ dữ liệu trong thời gian cần thiết cho hoạt động hoặc nghĩa vụ pháp lý.
privacy,Section - International Scope Heading,International Scope,Phạm Vi Quốc Tế
privacy,Section - International Scope Text,"While HealthSyncX collaborates with partners in New Zealand all personal data collected via this website is processed under Vietnamese law. When applicable New Zealand privacy principles will also be respected.","Mặc dù HealthSyncX hợp tác với các đối tác tại New Zealand tất cả dữ liệu cá nhân thu thập qua trang web này được xử lý theo luật pháp Việt Nam. Trong trường hợp cần thiết các nguyên tắc bảo mật của New Zealand cũng sẽ được tôn trọng."
privacy,Section - User Rights Heading,User Rights,Quyền Của Người Dùng
privacy,Section - User Rights Text,You have the right to request access correction or deletion of your personal data. Please contact us if you wish to exercise these rights.,Bạn có quyền yêu cầu truy cập chỉnh sửa hoặc xóa thông tin cá nhân của mình. Vui lòng liên hệ với chúng tôi nếu bạn muốn thực hiện các quyền này.
privacy,Section - Policy Updates Heading,Policy Updates,Cập Nhật Chính Sách
privacy,Section - Policy Updates Text,We may update this Privacy Policy periodically. Any changes will be posted on this page with an updated date.,Chúng tôi có thể cập nhật Chính sách bảo mật này theo định kỳ. Mọi thay đổi sẽ được đăng tải trên trang này cùng với ngày cập nhật mới nhất.
privacy,Section - Contact Heading,Contact Information,Thông Tin Liên Hệ
privacy,Section - Contact Intro,If you have questions about this Privacy Policy please contact us:,Nếu bạn có câu hỏi về Chính sách Bảo mật này vui lòng liên hệ với chúng tôi:
privacy,Contact - Company Name,HealthSyncX Co. Ltd,Công ty TNHH HealthSyncX
privacy,Contact - Locations,Vietnam & New Zealand,Việt Nam & New Zealand
terms,Page Title,Terms & Conditions,Điều khoản & Điều kiện
terms,Meta Description,HealthSyncX Terms & Conditions - Legal terms governing the use of our website and services.,Điều khoản & Điều kiện của HealthSyncX - Các điều khoản pháp lý điều chỉnh việc sử dụng trang web và dịch vụ của chúng tôi.
terms,Hero Heading,Terms & Conditions,Điều khoản & Điều kiện
terms,Hero Subheading,Legal terms governing the use of our services,Các điều khoản pháp lý điều chỉnh việc sử dụng dịch vụ của chúng tôi
terms,Section - Acceptance Heading,Acceptance of Terms,Chấp Nhận Điều Khoản
terms,Section - Acceptance Text,"By accessing or using the HealthSyncX website you agree to comply with these Terms and Conditions.","Bằng việc truy cập hoặc sử dụng trang web HealthSyncX bạn đồng ý tuân thủ các điều khoản và điều kiện này."
terms,Section - Use of Website Heading,Use of Website,Sử Dụng Trang Web
terms,Section - Use of Website Text,Users must not use this website for unlawful purposes hacking or unauthorized data extraction.,Người dùng không được sử dụng trang web này cho các mục đích bất hợp pháp tấn công mạng hoặc trích xuất dữ liệu trái phép.
terms,Section - IP Heading,Intellectual Property,Quyền Sở Hữu Trí Tuệ
terms,Section - IP Text,"All content logos and materials on this website belong to HealthSyncX Co. Ltd. Reproduction or distribution without consent is prohibited.","Tất cả nội dung biểu trưng và tài liệu trên trang web này thuộc sở hữu của Công ty TNHH HealthSyncX. Nghiêm cấm sao chép hoặc phân phối khi chưa được sự đồng ý."
terms,Section - Disclaimer Heading,Disclaimer,Miễn Trách Nhiệm
terms,Section - Disclaimer Text,Information on this website is provided for general informational purposes and does not constitute professional or medical advice.,Thông tin trên trang web này chỉ nhằm mục đích cung cấp kiến thức chung và không được xem là tư vấn chuyên môn hoặc y tế.
terms,Section - Links Heading,Links to Other Sites,Liên Kết Tới Trang Khác
terms,Section - Links Text,Our website may contain links to third-party sites. We are not responsible for their content or privacy practices.,Trang web của chúng tôi có thể chứa liên kết đến các trang web của bên thứ ba. Chúng tôi không chịu trách nhiệm về nội dung hoặc chính sách bảo mật của họ.
terms,Section - Governing Law Heading,Governing Law,Luật Điều Chỉnh
terms,Section - Governing Law Text,"These Terms are governed by the laws of the Socialist Republic of Vietnam. For collaborations in New Zealand applicable local laws will also be observed when required.","Các điều khoản này được điều chỉnh bởi luật pháp của nước Cộng hòa Xã hội Chủ nghĩa Việt Nam. Đối với các hợp tác tại New Zealand luật pháp địa phương cũng sẽ được tuân thủ khi cần thiết."
terms,Section - Contact Heading,Contact Information,Thông Tin Liên Hệ
terms,Section - Contact Intro,If you have questions about these Terms & Conditions please contact us:,Nếu bạn có câu hỏi về các Điều khoản & Điều kiện này vui lòng liên hệ với chúng tôi:
people,Page Title,Our People,Đội ngũ
people,Meta Description,Meet the HealthSyncX team partners advisors and collaborators building the future of healthcare technology integration.,Gặp gỡ đội ngũ HealthSyncX đối tác cố vấn và cộng tác viên xây dựng tương lai tích hợp công nghệ y tế.
people,Hero Heading,Our People,Con người đằng sau HealthSyncX
people,Hero Subheading,Building the future through collaboration with talented professionals across the region,Xây dựng mạng lưới chuyên gia đối tác và cộng tác viên cống hiến cho việc chuyển đổi công nghệ y tế
people,Card - Core Team Heading,Core Team,Đội ngũ Cốt lõi
people,Card - Core Team Description,Our dedicated team brings together expertise in biomedical engineering healthcare IT and systems integration.,"Đội ngũ kỹ sư tư vấn và chuyên gia công nghệ y tế tận tâm làm việc để cung cấp giải pháp tích hợp hệ thống xuất sắc. Chúng tôi kết hợp chuyên môn kỹ thuật với hiểu biết sâu sắc về nhu cầu người dùng."
people,Card - Partners Heading,Strategic Partners,Đối tác Chiến lược
people,Card - Partners Description,We collaborate with leading technology providers healthcare organizations and research institutions across the Asia-Pacific region.,"Nhà cung cấp công nghệ tổ chức y tế và nhà cung cấp dịch vụ mà chúng tôi hợp tác để cung cấp giải pháp toàn diện. Mạng lưới đối tác của chúng tôi trải dài khắp Châu Á-Thái Bình Dương mang chuyên môn toàn cầu đến thị trường địa phương."
people,Card - Advisors Heading,Advisory Board,Cố vấn
people,Card - Advisors Description,Our advisors provide strategic guidance across healthcare innovation regulatory compliance and market expansion.,"Các nhà lãnh đạo ngành giám đốc điều hành y tế và chuyên gia công nghệ cung cấp hướng dẫn chiến lược và chuyên môn lĩnh vực. Những hiểu biết của họ giúp chúng tôi luôn phù hợp với nhu cầu thị trường và thực tiễn tốt nhất của ngành."
people,Card - Collaborators Heading,Research Collaborators,Cộng tác viên Nghiên cứu
people,Card - Collaborators Description,We work closely with universities and research centers to advance healthcare technology integration and innovation.,"Các trường đại học cơ sở nghiên cứu và trung tâm đổi mới làm việc cùng chúng tôi trong các dự án công nghệ y tế tiên tiến nghiên cứu và các sáng kiến trao đổi kiến thức trên khu vực APAC."
people,Card - Coming Soon,Detailed profiles coming soon as we expand our network.,Hồ sơ chi tiết sẽ sớm được cập nhật khi chúng tôi mở rộng mạng lưới.
people,CTA - Join Heading,Join Our Network,Tham gia Mạng lưới của Chúng tôi
people,CTA - Join Description,We're always looking for talented professionals strategic partners and research collaborators to join our mission of transforming healthcare through people-first systems integration.,"Cho dù bạn đang muốn tham gia đội ngũ khám phá cơ hội hợp tác hoặc cộng tác trong các sáng kiến nghiên cứu chúng tôi rất mong được gặp bạn."
people,CTA Button - Contact,Get in Touch,Liên hệ
people,CTA Button - Partner,Partner With Us,Hợp tác với Chúng tôi
services,Page Title,Our Services,Dịch vụ
services,Meta Description,People-centered consultancy services: Holistic Systems Integration Workflow Optimization Training & Capacity Building and Product Development.,Dịch vụ tư vấn lấy con người làm trung tâm: Tích hợp Hệ thống Toàn diện Tối ưu hóa Quy trình Đào tạo & Phát triển Năng lực Phát triển Sản phẩm.
services,Hero Heading,Our Core Services,Dịch vụ Cốt lõi của Chúng tôi
services,Hero Subheading,People-centered consultancy services designed to help you navigate technology challenges and opportunities,Dịch vụ tư vấn lấy con người làm trung tâm được thiết kế để giúp bạn vượt qua các thách thức và cơ hội công nghệ
services,Service 1 - Heading,Holistic Systems Integration,Tích hợp Hệ thống Toàn diện
services,Service 1 - Description,Comprehensive integration planning that encompasses hardware software networks workflows AND people - ensuring adoption success through independent guidance training and support.,Lập kế hoạch tích hợp toàn diện bao gồm phần cứng phần mềm mạng quy trình VÀ con người - đảm bảo thành công áp dụng thông qua hướng dẫn độc lập đào tạo và hỗ trợ.
services,Service 1 - Feature 1,Independent technology assessment & vendor-neutral recommendations,Đánh giá công nghệ độc lập & khuyến nghị trung lập nhà cung cấp
services,Service 1 - Feature 2,Hardware software and network infrastructure integration,"Tích hợp phần cứng phần mềm và cơ sở hạ tầng mạng"
services,Service 1 - Feature 3,Organization workflow analysis & alignment,Phân tích & điều chỉnh quy trình tổ chức
services,Service 1 - Feature 4,User readiness evaluation & capability assessment,Đánh giá mức độ sẵn sàng & năng lực người dùng
services,Service 1 - Feature 5,Change management planning & ROI analysis,Lập kế hoạch quản lý thay đổi & phân tích ROI
services,Service 2 - Heading,Workflow Optimization,Tối ưu hóa Quy trình
services,Service 2 - Description,Process analysis and redesign that respects organizational culture while introducing efficiency improvements. We optimize for both technology and people.,Phân tích và thiết kế lại quy trình tôn trọng văn hóa tổ chức đồng thời cải thiện hiệu quả. Chúng tôi tối ưu hóa cho cả công nghệ và con người.
services,Service 2 - Feature 1,Process mapping & analysis,Lập bản đồ & phân tích quy trình
services,Service 2 - Feature 2,Bottleneck identification,Xác định điểm nghẽn
services,Service 2 - Feature 3,Culture-sensitive redesign,Thiết kế lại nhạy cảm với văn hóa
services,Service 2 - Feature 4,Efficiency improvement strategies,Chiến lược cải thiện hiệu quả
services,Service 2 - Feature 5,Technology-enabled optimization,Tối ưu hóa hỗ trợ công nghệ
services,Service 3 - Heading,Training & Capacity Building,Đào tạo & Phát triển Năng lực
services,Service 3 - Description,Comprehensive user training adoption support and capacity building to ensure your team can effectively use and maintain integrated systems.,Đào tạo người dùng toàn diện hỗ trợ áp dụng và phát triển năng lực để đảm bảo đội ngũ của bạn có thể sử dụng và bảo trì hệ thống tích hợp hiệu quả.
services,Service 3 - Feature 1,Comprehensive user training programs,Chương trình đào tạo người dùng toàn diện
services,Service 3 - Feature 2,Technology adoption workshops,Hội thảo áp dụng công nghệ
services,Service 3 - Feature 3,Ongoing support & troubleshooting,Hỗ trợ liên tục & khắc phục sự cố
services,Service 3 - Feature 4,Capacity building initiatives,Sáng kiến xây dựng năng lực
services,Service 3 - Feature 5,Knowledge transfer sessions,Buổi chuyển giao kiến thức
services,Service 4 - Heading,Product Development,Phát triển Sản phẩm
services,Service 4 - Description,Partnering with healthcare innovators to transform ideas into market-ready solutions through comprehensive product development support from concept validation to market entry.,Hợp tác với các nhà đổi mới y tế để biến ý tưởng thành giải pháp sẵn sàng cho thị trường thông qua hỗ trợ phát triển sản phẩm toàn diện từ xác thực khái niệm đến thâm nhập thị trường.
services,Service 4 - Feature 1,Concept & feasibility assessment,Đánh giá khái niệm & tính khả thi
services,Service 4 - Feature 2,User needs analysis & validation,Phân tích & xác thực nhu cầu người dùng
services,Service 4 - Feature 3,Regulatory compliance guidance,Hướng dẫn tuân thủ quy định
services,Service 4 - Feature 4,Prototype development support,Hỗ trợ phát triển nguyên mẫu
services,Service 4 - Feature 5,Market entry strategy,Chiến lược thâm nhập thị trường
services,CTA - Heading,Free 30-Minute Strategy Session,Buổi Tư vấn Chiến lược Miễn phí 30 Phút
services,CTA - Description,Explore your technology integration challenges with our expert. Get preliminary feedback and actionable insights - no commitment required.,Khám phá các thách thức tích hợp công nghệ của bạn với chuyên gia của chúng tôi. Nhận phản hồi sơ bộ và thông tin hữu ích - không cần cam kết.
services,CTA - Button,Book Your Free Session,Đặt Buổi Tư vấn Miễn phí
about,Page Title,About Us,Về chúng tôi
about,Meta Description,Learn about HealthSyncX's vision mission and story. Building the future through expert consultancy in systems integration and collaboration.,Tìm hiểu về tầm nhìn sứ mệnh và câu chuyện của HealthSyncX. Xây dựng tương lai thông qua tư vấn chuyên gia về tích hợp hệ thống và hợp tác.
about,Hero Heading,Our Vision Mission & Story,"Tầm nhìn Sứ mệnh & Câu chuyện"
about,Hero Subheading,Building the future through expert consultancy in systems integration and collaboration,Xây dựng tương lai thông qua tư vấn chuyên gia về tích hợp hệ thống và hợp tác
about,Vision - Heading,Our Vision,Tầm nhìn
about,Vision - Text,"To create a world where healthcare ecosystems are seamlessly connected — where technology data and human collaboration work in harmony to deliver smarter more equitable and compassionate care for everyone.","Tạo ra một thế giới nơi các hệ sinh thái y tế được kết nối liền mạch — nơi công nghệ dữ liệu và sự hợp tác của con người làm việc hài hòa để mang lại dịch vụ chăm sóc thông minh hơn công bằng hơn và nhân văn hơn cho mọi người."
about,Mission - Heading,Our Mission,Sứ mệnh
about,Mission - Text,"To bridge the gaps in today's fragmented healthcare ecosystem by synchronizing technology systems and people — creating connected intelligent and human-centered solutions that make healthcare more efficient collaborative and accessible across Asia-Pacific and beyond.","Kết nối các khoảng trống trong hệ sinh thái y tế phân mảnh ngày nay bằng cách đồng bộ hóa công nghệ hệ thống và con người — tạo ra các giải pháp được kết nối thông minh và lấy con người làm trung tâm giúp chăm sóc sức khỏe hiệu quả hơn hợp tác hơn và dễ tiếp cận hơn trên khắp Châu Á-Thái Bình Dương và xa hơn nữa."
about,Story - Heading,About HealthSyncX,Về HealthSyncX
about,Story - Paragraph 1,"HealthSyncX Co. Ltd was founded to bridge the gaps in today's fragmented healthcare ecosystem. We believe that true progress in healthcare begins when technology systems and people work in harmony — creating seamless connections that enable better decisions stronger collaboration and more compassionate care.","HealthSyncX Co. Ltd được thành lập để kết nối các khoảng trống trong hệ sinh thái y tế phân mảnh ngày nay. Chúng tôi tin rằng tiến bộ thực sự trong chăm sóc sức khỏe bắt đầu khi công nghệ hệ thống và con người làm việc hài hòa — tạo ra kết nối liền mạch cho phép ra quyết định tốt hơn hợp tác mạnh mẽ hơn và chăm sóc nhân văn hơn."
about,Story - Paragraph 2,"At HealthSyncX we focus on transforming complexity into clarity. Our approach integrates engineering expertise digital innovation and human-centered design to help organizations align their technologies data and workflows. Whether you are a healthcare provider research institution or enterprise seeking to modernize your operations we tailor solutions that fit your unique goals and realities.","Tại HealthSyncX chúng tôi tập trung vào việc chuyển đổi sự phức tạp thành sự rõ ràng. Cách tiếp cận của chúng tôi tích hợp chuyên môn kỹ thuật đổi mới số và thiết kế lấy con người làm trung tâm để giúp các tổ chức điều chỉnh công nghệ dữ liệu và quy trình làm việc của họ. Cho dù bạn là nhà cung cấp dịch vụ y tế tổ chức nghiên cứu hay doanh nghiệp muốn hiện đại hóa hoạt động của mình chúng tôi điều chỉnh các giải pháp phù hợp với mục tiêu và thực tế riêng của bạn."
about,Story - Paragraph 3,"Our work spans healthcare technology integration digital transformation research collaboration and professional training — always guided by the belief that innovation must serve people first. We partner with hospitals universities and industry innovators across Asia-Pacific to co-create sustainable and secure ecosystems that enhance quality efficiency and trust.","Công việc của chúng tôi trải dài trên tích hợp công nghệ y tế chuyển đổi số hợp tác nghiên cứu và đào tạo chuyên nghiệp — luôn được hướng dẫn bởi niềm tin rằng đổi mới phải phục vụ con người trước tiên. Chúng tôi hợp tác với bệnh viện trường đại học và các nhà đổi mới công nghiệp trên khắp Châu Á-Thái Bình Dương để đồng sáng tạo các hệ sinh thái bền vững và an toàn nhằm nâng cao chất lượng hiệu quả và lòng tin."
about,Tagline Quote,Synchronizing technology systems and people — for better healthcare everywhere.,Đồng bộ hóa công nghệ hệ thống và con người — cho chăm sóc sức khỏe tốt hơn ở mọi nơi.
about,Values - Heading,Our Values,Giá trị của Chúng tôi
about,Value 1 - Heading,Mission-Driven,Hướng đến Sứ mệnh
about,Value 1 - Description,Dedicated to transforming operations through seamless technology integration,Cống hiến cho việc chuyển đổi hoạt động thông qua tích hợp công nghệ liền mạch
about,Value 2 - Heading,Excellence,Xuất sắc
about,Value 2 - Description,Committed to delivering the highest quality solutions and service,Cam kết cung cấp giải pháp và dịch vụ chất lượng cao nhất
about,Value 3 - Heading,Client-Focused,Tập trung vào Khách hàng
about,Value 3 - Description,Building lasting partnerships through trust and collaboration,Xây dựng quan hệ đối tác lâu dài thông qua lòng tin và hợp tác
about,Value 4 - Heading,Innovation,Đổi mới
about,Value 4 - Description,Leveraging proven and emerging technologies to solve complex challenges,Tận dụng các công nghệ đã được chứng minh và mới nổi để giải quyết những thách thức phức tạp
about,Founder Section - Heading,Meet Our Founder,Gặp gỡ Người sáng lập
about,Founder - Name,Long 'Leo' Phi Dang,Long 'Leo' Phi Dang
about,Founder - Title,Founder & CEO,Người sáng lập & CEO
about,Founder - Credential 1,MSc Biomedical Engineering - University of Oxford England,Thạc sĩ Kỹ thuật Y sinh - Đại học Oxford Anh
about,Founder - Credential 2,MEng Telecommunication Engineering - University of Melbourne Australia,Thạc sĩ Kỹ thuật Viễn thông - Đại học Melbourne Úc
about,Founder - Credential 3,BSc Electrical Engineering - University of California - Los Angeles USA,Cử nhân Kỹ thuật Điện - Đại học California - Los Angeles Mỹ
about,Founder - Credential 4,Nationally Certified Trainer - Australian Skills Quality Authority (ASQA),Giảng viên Được Chứng nhận Quốc gia - Cơ quan Chất lượng Kỹ năng Úc (ASQA)
about,Founder - Credential 5,Strategic Leadership and Management - University of Illinois USA,Lãnh đạo Chiến lược và Quản lý - Đại học Illinois Mỹ
about,Founder - Credential 6,Digital Health Specialization - Imperial College London England,Chuyên môn Sức khỏe Số - Imperial College London Anh
about,Founder - Credential 7,AI in Healthcare Specialization - Stanford University USA,Chuyên môn AI trong Y tế - Đại học Stanford Mỹ
about,Founder - CTA Button,Connect,Kết nối
about,Founder - Quote,What if the real cure for healthcare's complexity lies not in more technology but in connecting what already exists — systems data and people?,"Điều gì sẽ xảy ra nếu giải pháp thực sự cho sự phức tạp của chăm sóc sức khỏe không nằm ở việc thêm công nghệ mà là ở việc kết nối những gì đã tồn tại — hệ thống dữ liệu và con người?"
about,Founder - Background P1,"As a globally experienced biomedical engineer researcher and technology leader with over 20 years of professional and academic experience across Asia Oceania Europe and North America I've seen how fragmented healthcare systems affect not only efficiency but also human well-being.","Là một kỹ sư y sinh nhà nghiên cứu và nhà lãnh đạo công nghệ có kinh nghiệm toàn cầu với hơn 20 năm kinh nghiệm chuyên môn và học thuật trên khắp Châu Á Châu Đại Dương Châu Âu và Bắc Mỹ tôi đã thấy cách các hệ thống y tế phân mảnh ảnh hưởng không chỉ đến hiệu quả mà còn đến phúc lợi của con người."
about,Founder - Background P2,"Having lived and worked in Vietnam Australia New Zealand the United Kingdom and the United States I bring a uniquely international perspective on how science technology and people can harmonize to improve healthcare outcomes.","Đã sống và làm việc tại Việt Nam Úc New Zealand Vương quốc Anh và Hoa Kỳ tôi mang đến một góc nhìn quốc tế độc đáo về cách khoa học công nghệ và con người có thể hài hòa để cải thiện kết quả y tế."
about,Founder - Background P3,"HealthSyncX Co. Ltd was founded to bridge the gaps that exist across today's fragmented healthcare ecosystem. It was born from a simple yet powerful vision — to synchronize technology systems and people for better healthcare everywhere.","HealthSyncX Co. Ltd được thành lập để nối kết các khoảng cách tồn tại trong hệ sinh thái y tế phân mảnh ngày nay. Nó ra đời từ một tầm nhìn đơn giản nhưng mạnh mẽ — đồng bộ hóa công nghệ hệ thống và con người để có dịch vụ y tế tốt hơn ở mọi nơi."
about,Founder - Background P4,"For me integration means more than linking devices or software; it's about connecting hearts minds and expertise across disciplines and borders to create healthcare solutions that are intelligent collaborative and human-centered.","Đối với tôi tích hợp không chỉ là liên kết các thiết bị hoặc phần mềm; đó là việc kết nối trái tim khối óc và chuyên môn trên các ngành và biên giới để tạo ra các giải pháp y tế thông minh hợp tác và lấy con người làm trung tâm."
about,Founder - Background P5,"My work combines deep technical knowledge strategic leadership and a holistic understanding of the healthcare ecosystem — enabling HealthSyncX to design innovations that are not only cutting-edge but also practical sustainable and meaningful to the people who rely on them.","Công việc của tôi kết hợp kiến thức kỹ thuật sâu rộng lãnh đạo chiến lược và sự hiểu biết toàn diện về hệ sinh thái y tế — cho phép HealthSyncX thiết kế các đổi mới không chỉ tiên tiến mà còn thực tế bền vững và có ý nghĩa với những người dựa vào chúng."
about,Founder - Expertise Heading,Core Expertise,Chuyên môn Cốt lõi
about,Founder - Expertise 1,Systems Integration,Tích hợp Hệ thống
about,Founder - Expertise 2,Medical Imaging,Hình ảnh Y khoa
about,Founder - Expertise 3,Healthcare IT,CNTT Y tế
about,Founder - Expertise 4,Technical Consultancy,Tư vấn Kỹ thuật
about,Founder - Expertise 5,Research Collaboration,Hợp tác Nghiên cứu
contact,Page Title,Contact Us,Liên hệ
contact,Meta Description,Contact HealthSyncX for expert systems integration consultancy. Free 30-minute consultation available. Serving Vietnam & APAC Region.,Liên hệ với HealthSyncX để được tư vấn chuyên môn về tích hợp hệ thống. Tư vấn miễn phí 30 phút. Phục vụ Việt Nam & Khu vực APAC.
contact,Hero Heading,Get in Touch,Liên hệ với Chúng tôi
contact,Hero Subheading,Let's discuss how we can help you achieve your systems integration goals,"Sẵn sàng chuyển đổi hoạt động của bạn với tích hợp hệ thống lấy con người làm trung tâm? Hãy thảo luận về nhu cầu của bạn."
contact,Form Heading,Send us a message,Gửi Tin nhắn cho Chúng tôi
contact,Form - Name Label,Name *,Họ và Tên *
contact,Form - Email Label,Email *,Email *
contact,Form - Organization Label,Organization *,Tổ chức *
contact,Form - Phone Label,Phone *,Điện thoại *
contact,Form - Website Label,Website (optional),Website (tùy chọn)
contact,Form - Message Label,Message *,Tin nhắn *
contact,Form - Consent Text,I consent to HealthSyncX collecting and processing my personal information for the purpose of responding to my inquiry. My data will be handled in accordance with our Privacy Policy.,"Tôi đồng ý để HealthSyncX thu thập và xử lý thông tin cá nhân của tôi nhằm mục đích phản hồi yêu cầu của tôi. Dữ liệu của tôi sẽ được xử lý theo Chính sách Bảo mật của chúng tôi."
contact,Form - Submit Button,Send Message,Gửi Tin nhắn
contact,Sidebar - Heading,Contact Information,Thông tin Liên hệ
contact,Sidebar - Email Heading,Email,Email
contact,Sidebar - Location Heading,Location,Địa điểm
contact,Sidebar - Location Text,Vietnam / New Zealand,Việt Nam / New Zealand
contact,Sidebar - Free Consultation Heading,Free Consultation,Tư vấn Miễn phí
contact,Sidebar - Free Consultation Text,Book a free 30-minute consultation to discuss your systems integration needs.,Đặt buổi tư vấn miễn phí 30 phút để thảo luận về nhu cầu tích hợp hệ thống của bạn.
contact,Sidebar - Response Time,Response time: Within 24 hours,Thời gian phản hồi: Trong vòng 24 giờ
solutions,Page Title,Industry Solutions,Giải pháp Ngành
solutions,Meta Description,People-first systems integration solutions for Healthcare Beauty Tech and diverse industry sectors across APAC region.,Giải pháp tích hợp hệ thống lấy con người làm trung tâm cho Y tế Công nghệ Làm đẹp và các ngành công nghiệp đa dạng ở khu vực APAC.
solutions,Hero Heading,Industry Solutions,Giải pháp Ngành
solutions,Hero Subheading,We understand the unique integration challenges across different sectors,Chúng tôi hiểu rõ các thách thức tích hợp duy nhất trên các lĩnh vực khác nhau
solutions,Solution 1 - Heading,Healthcare,Y tế
solutions,Solution 1 - Description,Comprehensive systems integration for modern healthcare facilities,Tích hợp hệ thống toàn diện cho cơ sở y tế hiện đại
solutions,Solution 1 - Feature 1,Hospital Information Systems (HIS) integration,Tích hợp Hệ thống Thông tin Bệnh viện (HIS)
solutions,Solution 1 - Feature 2,Medical device connectivity and data management,Kết nối thiết bị y tế và quản lý dữ liệu
solutions,Solution 1 - Feature 3,Telemedicine platform implementation,Triển khai nền tảng y tế từ xa
solutions,Solution 1 - Feature 4,Patient data security and compliance,Bảo mật dữ liệu bệnh nhân và tuân thủ
solutions,Solution 1 - Feature 5,Healthcare workflow optimization,Tối ưu hóa quy trình chăm sóc sức khỏe
solutions,Solution 2 - Heading,Beauty Tech,Công nghệ Làm đẹp
solutions,Solution 2 - Description,Technology and device integration for product quality control and data management,Tích hợp công nghệ và thiết bị cho kiểm soát chất lượng sản phẩm và quản lý dữ liệu
solutions,Solution 2 - Feature 1,Quality control device integration and data capture,Tích hợp thiết bị kiểm soát chất lượng và thu thập dữ liệu
solutions,Solution 2 - Feature 2,Product testing and analysis equipment connectivity,Kết nối thiết bị kiểm tra và phân tích sản phẩm
solutions,Solution 2 - Feature 3,Laboratory information management systems (LIMS),Hệ thống quản lý thông tin phòng thí nghiệm (LIMS)
solutions,Solution 2 - Feature 4,Traceability and compliance data management,Quản lý dữ liệu truy xuất nguồn gốc và tuân thủ
solutions,Solution 2 - Feature 5,Real-time quality monitoring and reporting,Giám sát và báo cáo chất lượng theo thời gian thực
solutions,Solution 3 - Heading,Other Industries,Các Ngành Khác
solutions,Solution 3 - Description,Systems integration solutions for diverse sectors beyond our core focus areas,Giải pháp tích hợp hệ thống cho nhiều lĩnh vực đa dạng ngoài các lĩnh vực trọng tâm của chúng tôi
solutions,Solution 3 - Feature 1,Education technology and learning management systems,Công nghệ giáo dục và hệ thống quản lý học tập
solutions,Solution 3 - Feature 2,Manufacturing and production management systems,Hệ thống quản lý sản xuất và chế tạo
solutions,Solution 3 - Feature 3,Retail and e-commerce platforms,Nền tảng bán lẻ và thương mại điện tử
solutions,Solution 3 - Feature 4,Financial services and logistics,Dịch vụ tài chính và logistics
solutions,Solution 3 - Feature 5,Hospitality and custom solutions,Khách sạn và giải pháp tùy chỉnh
solutions,CTA - Heading,Free 30-Minute Strategy Session,Buổi Tư vấn Chiến lược Miễn phí 30 Phút
solutions,CTA - Description,Explore your technology integration challenges with our expert. Get preliminary feedback and actionable insights - no commitment required.,Khám phá các thách thức tích hợp công nghệ của bạn với chuyên gia của chúng tôi. Nhận phản hồi sơ bộ và thông tin hữu ích - không cần cam kết.
solutions,CTA - Button,Book Your Free Session,Đặt Buổi Tư vấn Miễn phí
collaboration,Page Title,Partnership Opportunities,Cơ hội Hợp tác
collaboration,Meta Description,Partner with HealthSyncX for collaboration opportunities in healthcare technology systems integration and research across APAC region.,Hợp tác với HealthSyncX cho các cơ hội hợp tác trong công nghệ y tế tích hợp hệ thống và nghiên cứu trên khu vực APAC.
collaboration,Hero Heading,Partner with HealthSyncX,Cơ hội Hợp tác
collaboration,Hero Subheading,Expand your reach in Vietnam and the APAC region through strategic partnership,Xây dựng liên minh chiến lược để thúc đẩy công nghệ y tế và tích hợp hệ thống
collaboration,Section - Why Partner Heading,Why Partner with Us?,Tại sao Hợp tác với Chúng tôi
collaboration,Section - Why Partner Text,We bring deep local expertise international experience and a proven track record in healthcare technology integration across the APAC region. Our partnerships are built on shared vision mutual trust and commitment to delivering value.,Chúng tôi mang lại giá trị độc đáo thông qua chuyên môn kỹ thuật sâu rộng sự hiện diện thị trường địa phương và cam kết tích hợp lấy con người làm trung tâm.
collaboration,Benefit 1 - Heading,Local Market Expertise,Chuyên môn Thị trường Địa phương
collaboration,Benefit 1 - Description,Deep understanding of Vietnam and APAC healthcare markets regulations and user needs,Hiểu biết sâu sắc về thị trường y tế Việt Nam và APAC quy định và nhu cầu người dùng
collaboration,Benefit 2 - Heading,Established Network,Mạng lưới Vững chắc
collaboration,Benefit 2 - Description,Strong relationships with healthcare providers universities and technology partners,Quan hệ mạnh mẽ với các nhà cung cấp dịch vụ y tế trường đại học và đối tác công nghệ
collaboration,Benefit 3 - Heading,Technical Excellence,Xuất sắc Kỹ thuật
collaboration,Benefit 3 - Description,"Advanced expertise in biomedical engineering healthcare IT and integration systems","Chuyên môn tiên tiến trong kỹ thuật y sinh IT y tế và hệ thống tích hợp"
collaboration,Benefit 4 - Heading,Bilingual Support,Giao tiếp Song ngữ
collaboration,Benefit 4 - Description,Seamless communication in English and Vietnamese bridging international partners with local teams,Thành thạo tiếng Anh và tiếng Việt kết nối rào cản ngôn ngữ và văn hóa
collaboration,Section - NZ Bridge Heading,New Zealand - Vietnam Bridge,Cầu nối Công nghệ New Zealand-Việt Nam
collaboration,Section - NZ Bridge Text,HealthSyncX serves as a unique bridge between New Zealand's advanced healthcare innovation ecosystem and Vietnam's rapidly growing healthcare market. With operations in both countries we understand the strengths needs and opportunities in each market. We help New Zealand companies navigate Vietnam's regulatory landscape and cultural context while connecting Vietnamese organizations with world-class healthcare technologies and best practices from New Zealand.,Chúng tôi tạo điều kiện hợp tác giữa các nhà cung cấp công nghệ đổi mới ở New Zealand và thị trường y tế đang phát triển ở Việt Nam. Sự hiện diện kép của chúng tôi cho phép hợp tác hiệu quả chuyển giao kiến thức và tiếp cận thị trường cho các đối tác ở cả hai phía.
collaboration,Section - Opportunities Heading,Partnership Opportunities,Các Loại Hợp tác
collaboration,Partner Type 1 - Heading,Technology Partners,Đối tác Công nghệ
collaboration,Partner Type 1 - Description,Medical device manufacturers healthcare software providers and technology innovators seeking to enter or expand in the APAC market,Nhà cung cấp phần mềm nhà sản xuất phần cứng và nhà cung cấp nền tảng tìm kiếm sự tiếp cận thị trường hoặc chuyên môn tích hợp trong thị trường y tế APAC.
collaboration,Partner Type 1 - Benefits,Market entry support • Regulatory guidance • Local distribution • Integration services • Innovation collaboration,Tiếp cận thị trường • Dịch vụ tích hợp • Xác thực kỹ thuật • Hỗ trợ địa phương • Hợp tác đổi mới
collaboration,Partner Type 2 - Heading,Healthcare Organizations,Tổ chức Y tế
collaboration,Partner Type 2 - Description,Hospitals clinics research institutions and healthcare providers looking for systems integration expertise and technology transformation support,Bệnh viện phòng khám và mạng lưới y tế khám phá hiện đại hóa công nghệ tích hợp hệ thống hoặc các sáng kiến chuyển đổi số.
collaboration,Partner Type 2 - Benefits,Systems integration • Digital transformation • Training & support • Best practice guidance,Lập kế hoạch chiến lược lựa chọn nhà cung cấp triển khai tích hợp và chương trình đào tạo nhân viên
collaboration,Partner Type 3 - Heading,Research & Academic Partners,Đối tác Nghiên cứu
collaboration,Partner Type 3 - Description,Universities research centers and educational institutions interested in collaborative projects knowledge exchange and capacity building,Trường đại học và cơ sở nghiên cứu quan tâm đến nghiên cứu công nghệ y tế dự án đổi mới hoặc chương trình trao đổi kiến thức.
collaboration,Partner Type 3 - Benefits,Joint research • Knowledge exchange • Student programs • Innovation collaboration,Nghiên cứu hợp tác • Trao đổi kiến thức • Chương trình sinh viên • Hợp tác đổi mới
collaboration,Form - Heading,Partner Inquiry,Bày tỏ Sự quan tâm của Bạn
collaboration,Form - Description,Interested in exploring partnership opportunities? Share your information and we'll be in touch to discuss how we can collaborate.,Hãy cho chúng tôi biết về tổ chức của bạn và cách chúng ta có thể hợp tác
collaboration,Form - Name Label,Name *,Họ và Tên *
collaboration,Form - Email Label,Email *,Email *
collaboration,Form - Organization Label,Organization *,Tổ chức *
collaboration,Form - Phone Label,Phone *,Điện thoại *
collaboration,Form - Website Label,Website (optional),Website (tùy chọn)
collaboration,Form - Partnership Type Label,Partnership Interest *,Loại Hợp tác *
collaboration,Form - Partnership Type Option 1,Select partnership type,Chọn loại hợp tác
collaboration,Form - Partnership Type Option 2,Technology Partner,Đối tác Công nghệ
collaboration,Form - Partnership Type Option 3,Healthcare Organization,Tổ chức Y tế
collaboration,Form - Partnership Type Option 4,Research/Academic,Đối tác Nghiên cứu
collaboration,Form - Partnership Type Option 5,Other,Khác
collaboration,Form - Description Label,Tell us about your organization and partnership goals *,Cho chúng tôi biết về sự quan tâm hợp tác của bạn *
collaboration,Form - Consent Text,I consent to HealthSyncX using my submitted information to respond to my inquiry,"Tôi đồng ý để HealthSyncX thu thập và xử lý thông tin cá nhân của tôi nhằm mục đích đánh giá cơ hội hợp tác. Dữ liệu của tôi sẽ được xử lý theo Chính sách Bảo mật của chúng tôi."
collaboration,Form - Submit Button,Submit Partnership Inquiry,Gửi Yêu cầu Hợp tác
